date,from,to,count
2020-01,動物園,木柵,474030
2020-01,木柵,萬芳社區,695622
2020-01,萬芳社區,萬芳醫院,814555
2020-01,萬芳醫院,辛亥,1409215
2020-01,辛亥,麟光,1564322
2020-01,麟光,六張犁,1736699
2020-01,六張犁,科技大樓,2193721
2020-01,科技大樓,大安,2748579
2020-01,大安,忠孝復興,2984789
2020-01,大安,信義安和,338053
2020-01,大安,大安森林公園,3927632
2020-01,忠孝復興,南京復興,2707489
2020-01,忠孝復興,忠孝新生,3093410
2020-01,忠孝復興,忠孝敦化,7672182
2020-01,南京復興,中山國中,1176271
2020-01,南京復興,松江南京,5101905
2020-01,南京復興,台北小巨蛋,2230932
2020-01,中山國中,松山機場,1135189
2020-01,松山機場,大直,1173506
2020-01,大直,劍南路,1125005
2020-01,劍南路,西湖,1110855
2020-01,西湖,港墘,1035492
2020-01,港墘,文德,977454
2020-01,文德,內湖,947273
2020-01,內湖,大湖公園,884911
2020-01,大湖公園,葫洲,852768
2020-01,葫洲,東湖,770966
2020-01,東湖,南港軟體園區,772808
2020-01,南港軟體園區,南港展覽館,692089
2020-01,南港展覽館,南港,1730997
2020-01,象山,台北101/世貿,726223
2020-01,台北101/世貿,信義安和,2391486
2020-01,大安森林公園,東門,4224360
2020-01,東門,中正紀念堂,3598565
2020-01,東門,古亭,2290245
2020-01,東門,忠孝新生,3102935
2020-01,中正紀念堂,台大醫院,3242597
2020-01,中正紀念堂,古亭,4768893
2020-01,中正紀念堂,小南門,3714137
2020-01,台大醫院,台北車站,3727539
2020-01,台北車站,中山,6027014
2020-01,台北車站,西門,5935691
2020-01,台北車站,善導寺,3958714
2020-01,中山,雙連,8183295
2020-01,中山,北門,1719542
2020-01,中山,松江南京,3591272
2020-01,雙連,民權西路,8278370
2020-01,民權西路,圓山,4992497
2020-01,民權西路,中山國小,1069677
2020-01,民權西路,大橋頭站,5727121
2020-01,圓山,劍潭,4962323
2020-01,劍潭,士林,4599515
2020-01,士林,芝山,4389851
2020-01,芝山,明德,4089441
2020-01,明德,石牌,3884088
2020-01,石牌,唭哩岸,3443890
2020-01,唭哩岸,奇岩,3289555
2020-01,奇岩,北投,3090841
2020-01,北投,新北投,233893
2020-01,北投,復興崗,2500858
2020-01,復興崗,忠義,2417272
2020-01,忠義,關渡,2351162
2020-01,關渡,竹圍,2095574
2020-01,竹圍,紅樹林,1841509
2020-01,紅樹林,淡水,1489543
2020-01,新店,新店區公所,465711
2020-01,新店區公所,七張,832927
2020-01,七張,小碧潭,91093
2020-01,七張,大坪林,1413412
2020-01,大坪林,景美,1855358
2020-01,大坪林,十四張,216252
2020-01,景美,萬隆,2184246
2020-01,萬隆,公館,2380867
2020-01,公館,台電大樓,2823282
2020-01,台電大樓,古亭,3158775
2020-01,古亭,頂溪,4129745
2020-01,小南門,西門,3670511
2020-01,西門,北門,1307604
2020-01,西門,龍山寺,7758976
2020-01,松江南京,忠孝新生,1520933
2020-01,松江南京,行天宮,2226892
2020-01,台北小巨蛋,南京三民,1708032
2020-01,南京三民,松山,1065761
2020-01,南勢角,景安,457695
2020-01,景安,永安市場,865973
2020-01,景安,景平,33420
2020-01,景安,中和,388908
2020-01,永安市場,頂溪,1230597
2020-01,忠孝新生,善導寺,2367307
2020-01,行天宮,中山國小,1688143
2020-01,大橋頭站,台北橋,2841145
2020-01,大橋頭站,三重國小,2858452
2020-01,台北橋,菜寮,2514176
2020-01,菜寮,三重,2220081
2020-01,三重,先嗇宮,2011767
2020-01,先嗇宮,頭前庄,1876053
2020-01,頭前庄,新莊,1761588
2020-01,頭前庄,新埔民生,69315
2020-01,頭前庄,幸福,125242
2020-01,新莊,輔大,1334845
2020-01,輔大,丹鳳,908512
2020-01,丹鳳,迴龍,472351
2020-01,三重國小,三和國中,2361482
2020-01,三和國中,徐匯中學,1812246
2020-01,徐匯中學,三民高中,1238077
2020-01,三民高中,蘆洲,664165
2020-01,頂埔,永寧,270377
2020-01,永寧,土城,595952
2020-01,土城,海山,768842
2020-01,海山,亞東醫院,1211740
2020-01,亞東醫院,府中,1614076
2020-01,府中,BL板橋,1956664
2020-01,BL板橋,新埔,2119581
2020-01,BL板橋,Y板橋,6648
2020-01,新埔,江子翠,2127095
2020-01,新埔,新埔民生,22522
2020-01,江子翠,龍山寺,2007143
2020-01,忠孝敦化,國父紀念館,6501290
2020-01,國父紀念館,市政府,5771843
2020-01,市政府,永春,3174235
2020-01,永春,後山埤,2372940
2020-01,後山埤,昆陽,1664129
2020-01,昆陽,南港,1035754
2020-01,十四張,秀朗橋,219357
2020-01,秀朗橋,景平,229152
2020-01,中和,橋和,375378
2020-01,橋和,中原,373706
2020-01,中原,板新,370001
2020-01,板新,Y板橋,363483
2020-01,Y板橋,新埔民生,259121
2020-01,幸福,新北產業園區,81512
2020-02,動物園,木柵,358165
2020-02,木柵,萬芳社區,536970
2020-02,萬芳社區,萬芳醫院,643996
2020-02,萬芳醫院,辛亥,1161072
2020-02,辛亥,麟光,1304104
2020-02,麟光,六張犁,1453175
2020-02,六張犁,科技大樓,1867431
2020-02,科技大樓,大安,2360270
2020-02,大安,忠孝復興,2560692
2020-02,大安,信義安和,277416
2020-02,大安,大安森林公園,3236179
2020-02,忠孝復興,南京復興,2336190
2020-02,忠孝復興,忠孝新生,2612313
2020-02,忠孝復興,忠孝敦化,6540929
2020-02,南京復興,中山國中,1059006
2020-02,南京復興,松江南京,4599971
2020-02,南京復興,台北小巨蛋,1901010
2020-02,中山國中,松山機場,1027569
2020-02,松山機場,大直,1064997
2020-02,大直,劍南路,1026748
2020-02,劍南路,西湖,1014753
2020-02,西湖,港墘,936081
2020-02,港墘,文德,872024
2020-02,文德,內湖,843618
2020-02,內湖,大湖公園,783557
2020-02,大湖公園,葫洲,752689
2020-02,葫洲,東湖,673154
2020-02,東湖,南港軟體園區,662058
2020-02,南港軟體園區,南港展覽館,582372
2020-02,南港展覽館,南港,1403687
2020-02,象山,台北101/世貿,628565
2020-02,台北101/世貿,信義安和,1877928
2020-02,大安森林公園,東門,3480040
2020-02,東門,中正紀念堂,2793527
2020-02,東門,古亭,2223830
2020-02,東門,忠孝新生,2629175
2020-02,中正紀念堂,台大醫院,2502553
2020-02,中正紀念堂,古亭,4052911
2020-02,中正紀念堂,小南門,2843736
2020-02,台大醫院,台北車站,2887556
2020-02,台北車站,中山,4675114
2020-02,台北車站,西門,4765128
2020-02,台北車站,善導寺,3291771
2020-02,中山,雙連,6582534
2020-02,中山,北門,1626929
2020-02,中山,松江南京,3068663
2020-02,雙連,民權西路,6679974
2020-02,民權西路,圓山,4007404
2020-02,民權西路,中山國小,943714
2020-02,民權西路,大橋頭站,4800444
2020-02,圓山,劍潭,3970267
2020-02,劍潭,士林,3710458
2020-02,士林,芝山,3550284
2020-02,芝山,明德,3295662
2020-02,明德,石牌,3115860
2020-02,石牌,唭哩岸,2746986
2020-02,唭哩岸,奇岩,2615042
2020-02,奇岩,北投,2448401
2020-02,北投,新北投,160587
2020-02,北投,復興崗,1974798
2020-02,復興崗,忠義,1899056
2020-02,忠義,關渡,1835729
2020-02,關渡,竹圍,1629554
2020-02,竹圍,紅樹林,1408355
2020-02,紅樹林,淡水,1105870
2020-02,新店,新店區公所,446503
2020-02,新店區公所,七張,776294
2020-02,七張,小碧潭,75178
2020-02,七張,大坪林,1282307
2020-02,大坪林,景美,1427551
2020-02,大坪林,十四張,646233
2020-02,景美,萬隆,1665490
2020-02,萬隆,公館,1841988
2020-02,公館,台電大樓,2237362
2020-02,台電大樓,古亭,2539907
2020-02,古亭,頂溪,3796387
2020-02,小南門,西門,2804653
2020-02,西門,北門,1001116
2020-02,西門,龍山寺,6447879
2020-02,松江南京,忠孝新生,1395128
2020-02,松江南京,行天宮,1901583
2020-02,台北小巨蛋,南京三民,1433570
2020-02,南京三民,松山,881633
2020-02,南勢角,景安,379871
2020-02,景安,永安市場,688311
2020-02,景安,景平,174093
2020-02,景安,中和,1246270
2020-02,永安市場,頂溪,948625
2020-02,忠孝新生,善導寺,1925927
2020-02,行天宮,中山國小,1469149
2020-02,大橋頭站,台北橋,2326181
2020-02,大橋頭站,三重國小,2498054
2020-02,台北橋,菜寮,2057282
2020-02,菜寮,三重,1814551
2020-02,三重,先嗇宮,1646458
2020-02,先嗇宮,頭前庄,1540594
2020-02,頭前庄,新莊,1474362
2020-02,頭前庄,新埔民生,270763
2020-02,頭前庄,幸福,466940
2020-02,新莊,輔大,1103494
2020-02,輔大,丹鳳,783450
2020-02,丹鳳,迴龍,396969
2020-02,三重國小,三和國中,2054702
2020-02,三和國中,徐匯中學,1569004
2020-02,徐匯中學,三民高中,1075217
2020-02,三民高中,蘆洲,586011
2020-02,頂埔,永寧,253215
2020-02,永寧,土城,522185
2020-02,土城,海山,663636
2020-02,海山,亞東醫院,1024953
2020-02,亞東醫院,府中,1378766
2020-02,府中,BL板橋,1677206
2020-02,BL板橋,新埔,1789251
2020-02,BL板橋,Y板橋,24364
2020-02,新埔,江子翠,1837097
2020-02,新埔,新埔民生,61053
2020-02,江子翠,龍山寺,1748907
2020-02,忠孝敦化,國父紀念館,5511927
2020-02,國父紀念館,市政府,4861751
2020-02,市政府,永春,2732875
2020-02,永春,後山埤,2040745
2020-02,後山埤,昆陽,1431519
2020-02,昆陽,南港,845617
2020-02,十四張,秀朗橋,654598
2020-02,秀朗橋,景平,688073
2020-02,中和,橋和,1172295
2020-02,橋和,中原,1153636
2020-02,中原,板新,1120801
2020-02,板新,Y板橋,1074724
2020-02,Y板橋,新埔民生,762771
2020-02,幸福,新北產業園區,257493
2020-03,動物園,木柵,284357
2020-03,木柵,萬芳社區,510470
2020-03,萬芳社區,萬芳醫院,623278
2020-03,萬芳醫院,辛亥,1242843
2020-03,辛亥,麟光,1389928
2020-03,麟光,六張犁,1536949
2020-03,六張犁,科技大樓,1963882
2020-03,科技大樓,大安,2532839
2020-03,大安,忠孝復興,2735365
2020-03,大安,信義安和,259656
2020-03,大安,大安森林公園,3229377
2020-03,忠孝復興,南京復興,2457247
2020-03,忠孝復興,忠孝新生,2559003
2020-03,忠孝復興,忠孝敦化,6428959
2020-03,南京復興,中山國中,1172005
2020-03,南京復興,松江南京,4721667
2020-03,南京復興,台北小巨蛋,1849474
2020-03,中山國中,松山機場,1141919
2020-03,松山機場,大直,1189198
2020-03,大直,劍南路,1139516
2020-03,劍南路,西湖,1124628
2020-03,西湖,港墘,1036264
2020-03,港墘,文德,983130
2020-03,文德,內湖,954070
2020-03,內湖,大湖公園,880957
2020-03,大湖公園,葫洲,846530
2020-03,葫洲,東湖,747474
2020-03,東湖,南港軟體園區,725981
2020-03,南港軟體園區,南港展覽館,639164
2020-03,南港展覽館,南港,1359664
2020-03,象山,台北101/世貿,622494
2020-03,台北101/世貿,信義安和,1701486
2020-03,大安森林公園,東門,3503656
2020-03,東門,中正紀念堂,2744450
2020-03,東門,古亭,2340736
2020-03,東門,忠孝新生,2762709
2020-03,中正紀念堂,台大醫院,2463011
2020-03,中正紀念堂,古亭,4112401
2020-03,中正紀念堂,小南門,2941955
2020-03,台大醫院,台北車站,2847852
2020-03,台北車站,中山,4409917
2020-03,台北車站,西門,4595659
2020-03,台北車站,善導寺,3248088
2020-03,中山,雙連,6564963
2020-03,中山,北門,1660832
2020-03,中山,松江南京,3003405
2020-03,雙連,民權西路,6672998
2020-03,民權西路,圓山,3949858
2020-03,民權西路,中山國小,965278
2020-03,民權西路,大橋頭站,5142487
2020-03,圓山,劍潭,3976610
2020-03,劍潭,士林,3740887
2020-03,士林,芝山,3632906
2020-03,芝山,明德,3380940
2020-03,明德,石牌,3214969
2020-03,石牌,唭哩岸,2863799
2020-03,唭哩岸,奇岩,2729486
2020-03,奇岩,北投,2565076
2020-03,北投,新北投,138270
2020-03,北投,復興崗,2097307
2020-03,復興崗,忠義,2022028
2020-03,忠義,關渡,1957536
2020-03,關渡,竹圍,1730761
2020-03,竹圍,紅樹林,1489657
2020-03,紅樹林,淡水,1159660
2020-03,新店,新店區公所,436103
2020-03,新店區公所,七張,776761
2020-03,七張,小碧潭,95562
2020-03,七張,大坪林,1336496
2020-03,大坪林,景美,1502888
2020-03,大坪林,十四張,564326
2020-03,景美,萬隆,1774548
2020-03,萬隆,公館,1955982
2020-03,公館,台電大樓,2394600
2020-03,台電大樓,古亭,2685010
2020-03,古亭,頂溪,3909284
2020-03,小南門,西門,2899673
2020-03,西門,北門,1034335
2020-03,西門,龍山寺,6585166
2020-03,松江南京,忠孝新生,1442105
2020-03,松江南京,行天宮,1962288
2020-03,台北小巨蛋,南京三民,1409057
2020-03,南京三民,松山,837304
2020-03,南勢角,景安,413439
2020-03,景安,永安市場,725486
2020-03,景安,景平,155858
2020-03,景安,中和,1111532
2020-03,永安市場,頂溪,1005443
2020-03,忠孝新生,善導寺,1929909
2020-03,行天宮,中山國小,1568376
2020-03,大橋頭站,台北橋,2525418
2020-03,大橋頭站,三重國小,2696372
2020-03,台北橋,菜寮,2250332
2020-03,菜寮,三重,1995994
2020-03,三重,先嗇宮,1845820
2020-03,先嗇宮,頭前庄,1740542
2020-03,頭前庄,新莊,1790903
2020-03,頭前庄,新埔民生,243172
2020-03,頭前庄,幸福,319326
2020-03,新莊,輔大,1413061
2020-03,輔大,丹鳳,892409
2020-03,丹鳳,迴龍,472818
2020-03,三重國小,三和國中,2225204
2020-03,三和國中,徐匯中學,1702472
2020-03,徐匯中學,三民高中,1179494
2020-03,三民高中,蘆洲,640538
2020-03,頂埔,永寧,254554
2020-03,永寧,土城,531108
2020-03,土城,海山,675312
2020-03,海山,亞東醫院,1057657
2020-03,亞東醫院,府中,1422025
2020-03,府中,BL板橋,1706656
2020-03,BL板橋,新埔,1844663
2020-03,BL板橋,Y板橋,20467
2020-03,新埔,江子翠,1904163
2020-03,新埔,新埔民生,50851
2020-03,江子翠,龍山寺,1821070
2020-03,忠孝敦化,國父紀念館,5463353
2020-03,國父紀念館,市政府,4872138
2020-03,市政府,永春,2848268
2020-03,永春,後山埤,2087072
2020-03,後山埤,昆陽,1473063
2020-03,昆陽,南港,857732
2020-03,十四張,秀朗橋,567876
2020-03,秀朗橋,景平,589255
2020-03,中和,橋和,1048654
2020-03,橋和,中原,1028308
2020-03,中原,板新,994371
2020-03,板新,Y板橋,943723
2020-03,Y板橋,新埔民生,682224
2020-03,幸福,新北產業園區,166818
2020-04,動物園,木柵,227903
2020-04,木柵,萬芳社區,428022
2020-04,萬芳社區,萬芳醫院,523401
2020-04,萬芳醫院,辛亥,1055198
2020-04,辛亥,麟光,1181376
2020-04,麟光,六張犁,1306664
2020-04,六張犁,科技大樓,1669070
2020-04,科技大樓,大安,2133915
2020-04,大安,忠孝復興,2302118
2020-04,大安,信義安和,210283
2020-04,大安,大安森林公園,2701387
2020-04,忠孝復興,南京復興,2080210
2020-04,忠孝復興,忠孝新生,2170268
2020-04,忠孝復興,忠孝敦化,5496975
2020-04,南京復興,中山國中,988204
2020-04,南京復興,松江南京,3998878
2020-04,南京復興,台北小巨蛋,1531237
2020-04,中山國中,松山機場,960614
2020-04,松山機場,大直,1002002
2020-04,大直,劍南路,961354
2020-04,劍南路,西湖,949693
2020-04,西湖,港墘,878983
2020-04,港墘,文德,837258
2020-04,文德,內湖,813619
2020-04,內湖,大湖公園,752398
2020-04,大湖公園,葫洲,721809
2020-04,葫洲,東湖,638016
2020-04,東湖,南港軟體園區,619773
2020-04,南港軟體園區,南港展覽館,550461
2020-04,南港展覽館,南港,1143473
2020-04,象山,台北101/世貿,514852
2020-04,台北101/世貿,信義安和,1376207
2020-04,大安森林公園,東門,2937486
2020-04,東門,中正紀念堂,2296653
2020-04,東門,古亭,1994240
2020-04,東門,忠孝新生,2360692
2020-04,中正紀念堂,台大醫院,2058571
2020-04,中正紀念堂,古亭,3502712
2020-04,中正紀念堂,小南門,2468159
2020-04,台大醫院,台北車站,2387066
2020-04,台北車站,中山,3717606
2020-04,台北車站,西門,3919099
2020-04,台北車站,善導寺,2761350
2020-04,中山,雙連,5606137
2020-04,中山,北門,1405955
2020-04,中山,松江南京,2509067
2020-04,雙連,民權西路,5705397
2020-04,民權西路,圓山,3370679
2020-04,民權西路,中山國小,832422
2020-04,民權西路,大橋頭站,4421772
2020-04,圓山,劍潭,3391798
2020-04,劍潭,士林,3204556
2020-04,士林,芝山,3124012
2020-04,芝山,明德,2912126
2020-04,明德,石牌,2770310
2020-04,石牌,唭哩岸,2473580
2020-04,唭哩岸,奇岩,2356453
2020-04,奇岩,北投,2211351
2020-04,北投,新北投,112245
2020-04,北投,復興崗,1811478
2020-04,復興崗,忠義,1746444
2020-04,忠義,關渡,1691580
2020-04,關渡,竹圍,1499526
2020-04,竹圍,紅樹林,1288980
2020-04,紅樹林,淡水,1002522
2020-04,新店,新店區公所,372837
2020-04,新店區公所,七張,669359
2020-04,七張,小碧潭,72995
2020-04,七張,大坪林,1143406
2020-04,大坪林,景美,1283450
2020-04,大坪林,十四張,481963
2020-04,景美,萬隆,1514127
2020-04,萬隆,公館,1668380
2020-04,公館,台電大樓,1993288
2020-04,台電大樓,古亭,2239498
2020-04,古亭,頂溪,3361200
2020-04,小南門,西門,2437087
2020-04,西門,北門,864766
2020-04,西門,龍山寺,5661099
2020-04,松江南京,忠孝新生,1228410
2020-04,松江南京,行天宮,1666044
2020-04,台北小巨蛋,南京三民,1172280
2020-04,南京三民,松山,695872
2020-04,南勢角,景安,362163
2020-04,景安,永安市場,636971
2020-04,景安,景平,136078
2020-04,景安,中和,954660
2020-04,永安市場,頂溪,884533
2020-04,忠孝新生,善導寺,1637123
2020-04,行天宮,中山國小,1336443
2020-04,大橋頭站,台北橋,2162848
2020-04,大橋頭站,三重國小,2339121
2020-04,台北橋,菜寮,1923920
2020-04,菜寮,三重,1709699
2020-04,三重,先嗇宮,1582201
2020-04,先嗇宮,頭前庄,1491477
2020-04,頭前庄,新莊,1533378
2020-04,頭前庄,新埔民生,208972
2020-04,頭前庄,幸福,267814
2020-04,新莊,輔大,1209803
2020-04,輔大,丹鳳,770419
2020-04,丹鳳,迴龍,407921
2020-04,三重國小,三和國中,1931031
2020-04,三和國中,徐匯中學,1477206
2020-04,徐匯中學,三民高中,1022816
2020-04,三民高中,蘆洲,554823
2020-04,頂埔,永寧,219015
2020-04,永寧,土城,462820
2020-04,土城,海山,591749
2020-04,海山,亞東醫院,930401
2020-04,亞東醫院,府中,1249158
2020-04,府中,BL板橋,1491583
2020-04,BL板橋,新埔,1612285
2020-04,BL板橋,Y板橋,17818
2020-04,新埔,江子翠,1664453
2020-04,新埔,新埔民生,41795
2020-04,江子翠,龍山寺,1590438
2020-04,忠孝敦化,國父紀念館,4675572
2020-04,國父紀念館,市政府,4187560
2020-04,市政府,永春,2484361
2020-04,永春,後山埤,1816819
2020-04,後山埤,昆陽,1274759
2020-04,昆陽,南港,740041
2020-04,十四張,秀朗橋,486121
2020-04,秀朗橋,景平,505618
2020-04,中和,橋和,903021
2020-04,橋和,中原,886021
2020-04,中原,板新,853361
2020-04,板新,Y板橋,808384
2020-04,Y板橋,新埔民生,580444
2020-04,幸福,新北產業園區,141781
2020-05,動物園,木柵,265986
2020-05,木柵,萬芳社區,490506
2020-05,萬芳社區,萬芳醫院,600117
2020-05,萬芳醫院,辛亥,1205755
2020-05,辛亥,麟光,1348767
2020-05,麟光,六張犁,1498358
2020-05,六張犁,科技大樓,1919586
2020-05,科技大樓,大安,2475370
2020-05,大安,忠孝復興,2671939
2020-05,大安,信義安和,258972
2020-05,大安,大安森林公園,3181288
2020-05,忠孝復興,南京復興,2403358
2020-05,忠孝復興,忠孝新生,2562844
2020-05,忠孝復興,忠孝敦化,6555538
2020-05,南京復興,中山國中,1126988
2020-05,南京復興,松江南京,4557834
2020-05,南京復興,台北小巨蛋,1764992
2020-05,中山國中,松山機場,1092451
2020-05,松山機場,大直,1137485
2020-05,大直,劍南路,1092109
2020-05,劍南路,西湖,1079088
2020-05,西湖,港墘,998819
2020-05,港墘,文德,948018
2020-05,文德,內湖,920613
2020-05,內湖,大湖公園,851672
2020-05,大湖公園,葫洲,816942
2020-05,葫洲,東湖,725461
2020-05,東湖,南港軟體園區,708138
2020-05,南港軟體園區,南港展覽館,627458
2020-05,南港展覽館,南港,1335367
2020-05,象山,台北101/世貿,602342
2020-05,台北101/世貿,信義安和,1669704
2020-05,大安森林公園,東門,3462476
2020-05,東門,中正紀念堂,2712034
2020-05,東門,古亭,2306517
2020-05,東門,忠孝新生,2743140
2020-05,中正紀念堂,台大醫院,2432752
2020-05,中正紀念堂,古亭,4144957
2020-05,中正紀念堂,小南門,2884863
2020-05,台大醫院,台北車站,2819810
2020-05,台北車站,中山,4466326
2020-05,台北車站,西門,4613684
2020-05,台北車站,善導寺,3283927
2020-05,中山,雙連,6609152
2020-05,中山,北門,1571119
2020-05,中山,松江南京,2929786
2020-05,雙連,民權西路,6723047
2020-05,民權西路,圓山,4020476
2020-05,民權西路,中山國小,967705
2020-05,民權西路,大橋頭站,5023628
2020-05,圓山,劍潭,4027455
2020-05,劍潭,士林,3796808
2020-05,士林,芝山,3681461
2020-05,芝山,明德,3431243
2020-05,明德,石牌,3259684
2020-05,石牌,唭哩岸,2893224
2020-05,唭哩岸,奇岩,2754072
2020-05,奇岩,北投,2585212
2020-05,北投,新北投,132016
2020-05,北投,復興崗,2118118
2020-05,復興崗,忠義,2044111
2020-05,忠義,關渡,1983866
2020-05,關渡,竹圍,1761978
2020-05,竹圍,紅樹林,1527400
2020-05,紅樹林,淡水,1201367
2020-05,新店,新店區公所,430353
2020-05,新店區公所,七張,773627
2020-05,七張,小碧潭,93780
2020-05,七張,大坪林,1332949
2020-05,大坪林,景美,1492309
2020-05,大坪林,十四張,549168
2020-05,景美,萬隆,1759351
2020-05,萬隆,公館,1941299
2020-05,公館,台電大樓,2347026
2020-05,台電大樓,古亭,2643343
2020-05,古亭,頂溪,3882437
2020-05,小南門,西門,2845384
2020-05,西門,北門,996290
2020-05,西門,龍山寺,6536458
2020-05,松江南京,忠孝新生,1411556
2020-05,松江南京,行天宮,1895502
2020-05,台北小巨蛋,南京三民,1343566
2020-05,南京三民,松山,788215
2020-05,南勢角,景安,411193
2020-05,景安,永安市場,722653
2020-05,景安,景平,158466
2020-05,景安,中和,1097896
2020-05,永安市場,頂溪,1005989
2020-05,忠孝新生,善導寺,1923356
2020-05,行天宮,中山國小,1497857
2020-05,大橋頭站,台北橋,2459661
2020-05,大橋頭站,三重國小,2633212
2020-05,台北橋,菜寮,2183077
2020-05,菜寮,三重,1940840
2020-05,三重,先嗇宮,1794668
2020-05,先嗇宮,頭前庄,1695618
2020-05,頭前庄,新莊,1749592
2020-05,頭前庄,新埔民生,243003
2020-05,頭前庄,幸福,312219
2020-05,新莊,輔大,1377965
2020-05,輔大,丹鳳,867357
2020-05,丹鳳,迴龍,459403
2020-05,三重國小,三和國中,2175914
2020-05,三和國中,徐匯中學,1668711
2020-05,徐匯中學,三民高中,1154581
2020-05,三民高中,蘆洲,629824
2020-05,頂埔,永寧,245141
2020-05,永寧,土城,528725
2020-05,土城,海山,681413
2020-05,海山,亞東醫院,1072592
2020-05,亞東醫院,府中,1439714
2020-05,府中,BL板橋,1733360
2020-05,BL板橋,新埔,1876481
2020-05,BL板橋,Y板橋,20549
2020-05,新埔,江子翠,1921768
2020-05,新埔,新埔民生,51900
2020-05,江子翠,龍山寺,1825037
2020-05,忠孝敦化,國父紀念館,5527304
2020-05,國父紀念館,市政府,4947279
2020-05,市政府,永春,2874702
2020-05,永春,後山埤,2113550
2020-05,後山埤,昆陽,1477813
2020-05,昆陽,南港,875824
2020-05,十四張,秀朗橋,552857
2020-05,秀朗橋,景平,575466
2020-05,中和,橋和,1038057
2020-05,橋和,中原,1018915
2020-05,中原,板新,983461
2020-05,板新,Y板橋,933474
2020-05,Y板橋,新埔民生,665454
2020-05,幸福,新北產業園區,165387
2020-06,動物園,木柵,298819
2020-06,木柵,萬芳社區,518182
2020-06,萬芳社區,萬芳醫院,631409
2020-06,萬芳醫院,辛亥,1237040
2020-06,辛亥,麟光,1383283
2020-06,麟光,六張犁,1537405
2020-06,六張犁,科技大樓,1970008
2020-06,科技大樓,大安,2538887
2020-06,大安,忠孝復興,2749425
2020-06,大安,信義安和,276304
2020-06,大安,大安森林公園,3365024
2020-06,忠孝復興,南京復興,2468060
2020-06,忠孝復興,忠孝新生,2675444
2020-06,忠孝復興,忠孝敦化,6766718
2020-06,南京復興,中山國中,1150949
2020-06,南京復興,松江南京,4746046
2020-06,南京復興,台北小巨蛋,1879242
2020-06,中山國中,松山機場,1116887
2020-06,松山機場,大直,1160405
2020-06,大直,劍南路,1114226
2020-06,劍南路,西湖,1097638
2020-06,西湖,港墘,1012638
2020-06,港墘,文德,955907
2020-06,文德,內湖,923782
2020-06,內湖,大湖公園,856028
2020-06,大湖公園,葫洲,822610
2020-06,葫洲,東湖,735438
2020-06,東湖,南港軟體園區,721287
2020-06,南港軟體園區,南港展覽館,638039
2020-06,南港展覽館,南港,1389056
2020-06,象山,台北101/世貿,628143
2020-06,台北101/世貿,信義安和,1849854
2020-06,大安森林公園,東門,3638457
2020-06,東門,中正紀念堂,2887037
2020-06,東門,古亭,2346611
2020-06,東門,忠孝新生,2772066
2020-06,中正紀念堂,台大醫院,2599601
2020-06,中正紀念堂,古亭,4331061
2020-06,中正紀念堂,小南門,2978680
2020-06,台大醫院,台北車站,3021504
2020-06,台北車站,中山,4835342
2020-06,台北車站,西門,4875620
2020-06,台北車站,善導寺,3427463
2020-06,中山,雙連,6973496
2020-06,中山,北門,1628297
2020-06,中山,松江南京,3089690
2020-06,雙連,民權西路,7087480
2020-06,民權西路,圓山,4268700
2020-06,民權西路,中山國小,988207
2020-06,民權西路,大橋頭站,5154432
2020-06,圓山,劍潭,4253273
2020-06,劍潭,士林,3994500
2020-06,士林,芝山,3852537
2020-06,芝山,明德,3583355
2020-06,明德,石牌,3398107
2020-06,石牌,唭哩岸,2999199
2020-06,唭哩岸,奇岩,2857625
2020-06,奇岩,北投,2683564
2020-06,北投,新北投,136921
2020-06,北投,復興崗,2200824
2020-06,復興崗,忠義,2123816
2020-06,忠義,關渡,2061408
2020-06,關渡,竹圍,1836055
2020-06,竹圍,紅樹林,1596449
2020-06,紅樹林,淡水,1257817
2020-06,新店,新店區公所,435332
2020-06,新店區公所,七張,789233
2020-06,七張,小碧潭,98298
2020-06,七張,大坪林,1357764
2020-06,大坪林,景美,1529101
2020-06,大坪林,十四張,545450
2020-06,景美,萬隆,1799457
2020-06,萬隆,公館,1982972
2020-06,公館,台電大樓,2403369
2020-06,台電大樓,古亭,2709193
2020-06,古亭,頂溪,3983997
2020-06,小南門,西門,2941181
2020-06,西門,北門,1033998
2020-06,西門,龍山寺,6781980
2020-06,松江南京,忠孝新生,1445853
2020-06,松江南京,行天宮,1933665
2020-06,台北小巨蛋,南京三民,1426812
2020-06,南京三民,松山,849591
2020-06,南勢角,景安,411923
2020-06,景安,永安市場,727124
2020-06,景安,景平,160406
2020-06,景安,中和,1109846
2020-06,永安市場,頂溪,1011685
2020-06,忠孝新生,善導寺,2000833
2020-06,行天宮,中山國小,1518147
2020-06,大橋頭站,台北橋,2519025
2020-06,大橋頭站,三重國小,2686714
2020-06,台北橋,菜寮,2230727
2020-06,菜寮,三重,1981368
2020-06,三重,先嗇宮,1826552
2020-06,先嗇宮,頭前庄,1720806
2020-06,頭前庄,新莊,1764953
2020-06,頭前庄,新埔民生,244459
2020-06,頭前庄,幸福,326799
2020-06,新莊,輔大,1379558
2020-06,輔大,丹鳳,882899
2020-06,丹鳳,迴龍,468786
2020-06,三重國小,三和國中,2225791
2020-06,三和國中,徐匯中學,1706651
2020-06,徐匯中學,三民高中,1177895
2020-06,三民高中,蘆洲,643892
2020-06,頂埔,永寧,252901
2020-06,永寧,土城,542026
2020-06,土城,海山,699946
2020-06,海山,亞東醫院,1098082
2020-06,亞東醫院,府中,1477443
2020-06,府中,BL板橋,1782803
2020-06,BL板橋,新埔,1920555
2020-06,BL板橋,Y板橋,21374
2020-06,新埔,江子翠,1962211
2020-06,新埔,新埔民生,55567
2020-06,江子翠,龍山寺,1864866
2020-06,忠孝敦化,國父紀念館,5743515
2020-06,國父紀念館,市政府,5146495
2020-06,市政府,永春,2926225
2020-06,永春,後山埤,2174339
2020-06,後山埤,昆陽,1536587
2020-06,昆陽,南港,916204
2020-06,十四張,秀朗橋,548989
2020-06,秀朗橋,景平,572870
2020-06,中和,橋和,1051374
2020-06,橋和,中原,1033005
2020-06,中原,板新,998527
2020-06,板新,Y板橋,948454
2020-06,Y板橋,新埔民生,673109
2020-06,幸福,新北產業園區,175965
2020-07,動物園,木柵,329097
2020-07,木柵,萬芳社區,545969
2020-07,萬芳社區,萬芳醫院,671197
2020-07,萬芳醫院,辛亥,1279759
2020-07,辛亥,麟光,1441847
2020-07,麟光,六張犁,1611961
2020-07,六張犁,科技大樓,2093143
2020-07,科技大樓,大安,2699737
2020-07,大安,忠孝復興,2966212
2020-07,大安,信義安和,335511
2020-07,大安,大安森林公園,3895135
2020-07,忠孝復興,南京復興,2700248
2020-07,忠孝復興,忠孝新生,3052863
2020-07,忠孝復興,忠孝敦化,7652294
2020-07,南京復興,中山國中,1232361
2020-07,南京復興,松江南京,5274649
2020-07,南京復興,台北小巨蛋,2110871
2020-07,中山國中,松山機場,1196986
2020-07,松山機場,大直,1239583
2020-07,大直,劍南路,1195806
2020-07,劍南路,西湖,1176440
2020-07,西湖,港墘,1083770
2020-07,港墘,文德,1018087
2020-07,文德,內湖,984880
2020-07,內湖,大湖公園,920234
2020-07,大湖公園,葫洲,888825
2020-07,葫洲,東湖,801183
2020-07,東湖,南港軟體園區,793092
2020-07,南港軟體園區,南港展覽館,703036
2020-07,南港展覽館,南港,1721325
2020-07,象山,台北101/世貿,694942
2020-07,台北101/世貿,信義安和,2282295
2020-07,大安森林公園,東門,4190197
2020-07,東門,中正紀念堂,3322877
2020-07,東門,古亭,2627980
2020-07,東門,忠孝新生,3027645
2020-07,中正紀念堂,台大醫院,2946179
2020-07,中正紀念堂,古亭,4710409
2020-07,中正紀念堂,小南門,3293417
2020-07,台大醫院,台北車站,3429182
2020-07,台北車站,中山,5373502
2020-07,台北車站,西門,5376322
2020-07,台北車站,善導寺,3855697
2020-07,中山,雙連,7608185
2020-07,中山,北門,1821982
2020-07,中山,松江南京,3443768
2020-07,雙連,民權西路,7717744
2020-07,民權西路,圓山,4594443
2020-07,民權西路,中山國小,1078684
2020-07,民權西路,大橋頭站,5483946
2020-07,圓山,劍潭,4527640
2020-07,劍潭,士林,4246830
2020-07,士林,芝山,4067385
2020-07,芝山,明德,3762934
2020-07,明德,石牌,3549004
2020-07,石牌,唭哩岸,3103701
2020-07,唭哩岸,奇岩,2946323
2020-07,奇岩,北投,2750122
2020-07,北投,新北投,142542
2020-07,北投,復興崗,2243156
2020-07,復興崗,忠義,2155468
2020-07,忠義,關渡,2088508
2020-07,關渡,竹圍,1856979
2020-07,竹圍,紅樹林,1599351
2020-07,紅樹林,淡水,1236667
2020-07,新店,新店區公所,459268
2020-07,新店區公所,七張,839753
2020-07,七張,小碧潭,110901
2020-07,七張,大坪林,1456017
2020-07,大坪林,景美,1659545
2020-07,大坪林,十四張,573131
2020-07,景美,萬隆,1947580
2020-07,萬隆,公館,2155518
2020-07,公館,台電大樓,2624525
2020-07,台電大樓,古亭,2970437
2020-07,古亭,頂溪,4339634
2020-07,小南門,西門,3248767
2020-07,西門,北門,1135390
2020-07,西門,龍山寺,7423217
2020-07,松江南京,忠孝新生,1585470
2020-07,松江南京,行天宮,2118398
2020-07,台北小巨蛋,南京三民,1588998
2020-07,南京三民,松山,958211
2020-07,南勢角,景安,424795
2020-07,景安,永安市場,777598
2020-07,景安,景平,175884
2020-07,景安,中和,1177886
2020-07,永安市場,頂溪,1084360
2020-07,忠孝新生,善導寺,2251464
2020-07,行天宮,中山國小,1635259
2020-07,大橋頭站,台北橋,2629192
2020-07,大橋頭站,三重國小,2871679
2020-07,台北橋,菜寮,2315867
2020-07,菜寮,三重,2036574
2020-07,三重,先嗇宮,1857292
2020-07,先嗇宮,頭前庄,1738198
2020-07,頭前庄,新莊,1738132
2020-07,頭前庄,新埔民生,254799
2020-07,頭前庄,幸福,365892
2020-07,新莊,輔大,1311137
2020-07,輔大,丹鳳,907767
2020-07,丹鳳,迴龍,464664
2020-07,三重國小,三和國中,2381210
2020-07,三和國中,徐匯中學,1831330
2020-07,徐匯中學,三民高中,1257922
2020-07,三民高中,蘆洲,691066
2020-07,頂埔,永寧,273352
2020-07,永寧,土城,579247
2020-07,土城,海山,753807
2020-07,海山,亞東醫院,1180591
2020-07,亞東醫院,府中,1588086
2020-07,府中,BL板橋,1929522
2020-07,BL板橋,新埔,2081251
2020-07,BL板橋,Y板橋,24241
2020-07,新埔,江子翠,2134145
2020-07,新埔,新埔民生,61629
2020-07,江子翠,龍山寺,2032061
2020-07,忠孝敦化,國父紀念館,6504435
2020-07,國父紀念館,市政府,5785345
2020-07,市政府,永春,3234196
2020-07,永春,後山埤,2426815
2020-07,後山埤,昆陽,1723526
2020-07,昆陽,南港,1034987
2020-07,十四張,秀朗橋,576307
2020-07,秀朗橋,景平,603474
2020-07,中和,橋和,1112668
2020-07,橋和,中原,1090019
2020-07,中原,板新,1051464
2020-07,板新,Y板橋,999644
2020-07,Y板橋,新埔民生,700696
2020-07,幸福,新北產業園區,202665
2020-08,動物園,木柵,356284
2020-08,木柵,萬芳社區,564112
2020-08,萬芳社區,萬芳醫院,687536
2020-08,萬芳醫院,辛亥,1270907
2020-08,辛亥,麟光,1430292
2020-08,麟光,六張犁,1605994
2020-08,六張犁,科技大樓,2073582
2020-08,科技大樓,大安,2665635
2020-08,大安,忠孝復興,2909921
2020-08,大安,信義安和,327513
2020-08,大安,大安森林公園,3812652
2020-08,忠孝復興,南京復興,2630913
2020-08,忠孝復興,忠孝新生,3012667
2020-08,忠孝復興,忠孝敦化,7536373
2020-08,南京復興,中山國中,1182766
2020-08,南京復興,松江南京,5153539
2020-08,南京復興,台北小巨蛋,2098946
2020-08,中山國中,松山機場,1147092
2020-08,松山機場,大直,1186977
2020-08,大直,劍南路,1143446
2020-08,劍南路,西湖,1124636
2020-08,西湖,港墘,1042852
2020-08,港墘,文德,978956
2020-08,文德,內湖,946541
2020-08,內湖,大湖公園,882946
2020-08,大湖公園,葫洲,850479
2020-08,葫洲,東湖,770763
2020-08,東湖,南港軟體園區,766812
2020-08,南港軟體園區,南港展覽館,683561
2020-08,南港展覽館,南港,1661526
2020-08,象山,台北101/世貿,682983
2020-08,台北101/世貿,信義安和,2253330
2020-08,大安森林公園,東門,4107410
2020-08,東門,中正紀念堂,3285406
2020-08,東門,古亭,2540573
2020-08,東門,忠孝新生,2966255
2020-08,中正紀念堂,台大醫院,2928577
2020-08,中正紀念堂,古亭,4714709
2020-08,中正紀念堂,小南門,3246288
2020-08,台大醫院,台北車站,3409392
2020-08,台北車站,中山,5459112
2020-08,台北車站,西門,5369901
2020-08,台北車站,善導寺,3821239
2020-08,中山,雙連,7594666
2020-08,中山,北門,1781713
2020-08,中山,松江南京,3423152
2020-08,雙連,民權西路,7699529
2020-08,民權西路,圓山,4610139
2020-08,民權西路,中山國小,1052571
2020-08,民權西路,大橋頭站,5374132
2020-08,圓山,劍潭,4524706
2020-08,劍潭,士林,4244867
2020-08,士林,芝山,4057854
2020-08,芝山,明德,3760615
2020-08,明德,石牌,3547472
2020-08,石牌,唭哩岸,3106829
2020-08,唭哩岸,奇岩,2949732
2020-08,奇岩,北投,2763697
2020-08,北投,新北投,151849
2020-08,北投,復興崗,2258986
2020-08,復興崗,忠義,2174303
2020-08,忠義,關渡,2107430
2020-08,關渡,竹圍,1877133
2020-08,竹圍,紅樹林,1625042
2020-08,紅樹林,淡水,1265537
2020-08,新店,新店區公所,449893
2020-08,新店區公所,七張,825967
2020-08,七張,小碧潭,107390
2020-08,七張,大坪林,1427333
2020-08,大坪林,景美,1624129
2020-08,大坪林,十四張,553742
2020-08,景美,萬隆,1906227
2020-08,萬隆,公館,2111835
2020-08,公館,台電大樓,2589177
2020-08,台電大樓,古亭,2933133
2020-08,古亭,頂溪,4260636
2020-08,小南門,西門,3201332
2020-08,西門,北門,1126642
2020-08,西門,龍山寺,7332594
2020-08,松江南京,忠孝新生,1543038
2020-08,松江南京,行天宮,2072510
2020-08,台北小巨蛋,南京三民,1561298
2020-08,南京三民,松山,942602
2020-08,南勢角,景安,414799
2020-08,景安,永安市場,757013
2020-08,景安,景平,173276
2020-08,景安,中和,1155584
2020-08,永安市場,頂溪,1057143
2020-08,忠孝新生,善導寺,2235328
2020-08,行天宮,中山國小,1587655
2020-08,大橋頭站,台北橋,2569414
2020-08,大橋頭站,三重國小,2812445
2020-08,台北橋,菜寮,2257218
2020-08,菜寮,三重,1987365
2020-08,三重,先嗇宮,1801879
2020-08,先嗇宮,頭前庄,1687425
2020-08,頭前庄,新莊,1671366
2020-08,頭前庄,新埔民生,251204
2020-08,頭前庄,幸福,394399
2020-08,新莊,輔大,1255879
2020-08,輔大,丹鳳,882286
2020-08,丹鳳,迴龍,450197
2020-08,三重國小,三和國中,2329839
2020-08,三和國中,徐匯中學,1791098
2020-08,徐匯中學,三民高中,1229753
2020-08,三民高中,蘆洲,676861
2020-08,頂埔,永寧,266725
2020-08,永寧,土城,573495
2020-08,土城,海山,749696
2020-08,海山,亞東醫院,1169031
2020-08,亞東醫院,府中,1567455
2020-08,府中,BL板橋,1914381
2020-08,BL板橋,新埔,2057672
2020-08,BL板橋,Y板橋,24672
2020-08,新埔,江子翠,2090969
2020-08,新埔,新埔民生,64208
2020-08,江子翠,龍山寺,1978476
2020-08,忠孝敦化,國父紀念館,6409894
2020-08,國父紀念館,市政府,5683863
2020-08,市政府,永春,3164495
2020-08,永春,後山埤,2375613
2020-08,後山埤,昆陽,1682133
2020-08,昆陽,南港,1012073
2020-08,十四張,秀朗橋,556338
2020-08,秀朗橋,景平,584938
2020-08,中和,橋和,1097492
2020-08,橋和,中原,1074005
2020-08,中原,板新,1037208
2020-08,板新,Y板橋,988353
2020-08,Y板橋,新埔民生,695090
2020-08,幸福,新北產業園區,226568
2020-09,動物園,木柵,309944
2020-09,木柵,萬芳社區,551858
2020-09,萬芳社區,萬芳醫院,678175
2020-09,萬芳醫院,辛亥,1337275
2020-09,辛亥,麟光,1496606
2020-09,麟光,六張犁,1660243
2020-09,六張犁,科技大樓,2139644
2020-09,科技大樓,大安,2787937
2020-09,大安,忠孝復興,3037286
2020-09,大安,信義安和,324961
2020-09,大安,大安森林公園,3845207
2020-09,忠孝復興,南京復興,2725373
2020-09,忠孝復興,忠孝新生,2977363
2020-09,忠孝復興,忠孝敦化,7470318
2020-09,南京復興,中山國中,1278693
2020-09,南京復興,松江南京,5324622
2020-09,南京復興,台北小巨蛋,2144569
2020-09,中山國中,松山機場,1245062
2020-09,松山機場,大直,1292866
2020-09,大直,劍南路,1245038
2020-09,劍南路,西湖,1222863
2020-09,西湖,港墘,1128412
2020-09,港墘,文德,1071929
2020-09,文德,內湖,1037292
2020-09,內湖,大湖公園,961053
2020-09,大湖公園,葫洲,925991
2020-09,葫洲,東湖,830358
2020-09,東湖,南港軟體園區,812434
2020-09,南港軟體園區,南港展覽館,719362
2020-09,南港展覽館,南港,1628659
2020-09,象山,台北101/世貿,697423
2020-09,台北101/世貿,信義安和,2175821
2020-09,大安森林公園,東門,4141178
2020-09,東門,中正紀念堂,3268626
2020-09,東門,古亭,2627813
2020-09,東門,忠孝新生,3032600
2020-09,中正紀念堂,台大醫院,2938810
2020-09,中正紀念堂,古亭,4713372
2020-09,中正紀念堂,小南門,3320986
2020-09,台大醫院,台北車站,3414648
2020-09,台北車站,中山,5310666
2020-09,台北車站,西門,5278704
2020-09,台北車站,善導寺,3806522
2020-09,中山,雙連,7582766
2020-09,中山,北門,1834950
2020-09,中山,松江南京,3466073
2020-09,雙連,民權西路,7696809
2020-09,民權西路,圓山,4600853
2020-09,民權西路,中山國小,1075534
2020-09,民權西路,大橋頭站,5593887
2020-09,圓山,劍潭,4577125
2020-09,劍潭,士林,4314572
2020-09,士林,芝山,4156516
2020-09,芝山,明德,3854401
2020-09,明德,石牌,3655989
2020-09,石牌,唭哩岸,3216180
2020-09,唭哩岸,奇岩,3059445
2020-09,奇岩,北投,2870491
2020-09,北投,新北投,157983
2020-09,北投,復興崗,2336549
2020-09,復興崗,忠義,2252630
2020-09,忠義,關渡,2184162
2020-09,關渡,竹圍,1936305
2020-09,竹圍,紅樹林,1669306
2020-09,紅樹林,淡水,1293717
2020-09,新店,新店區公所,460994
2020-09,新店區公所,七張,845343
2020-09,七張,小碧潭,97467
2020-09,七張,大坪林,1460569
2020-09,大坪林,景美,1670553
2020-09,大坪林,十四張,613618
2020-09,景美,萬隆,1969344
2020-09,萬隆,公館,2175804
2020-09,公館,台電大樓,2689330
2020-09,台電大樓,古亭,3024415
2020-09,古亭,頂溪,4323943
2020-09,小南門,西門,3281753
2020-09,西門,北門,1147188
2020-09,西門,龍山寺,7423067
2020-09,松江南京,忠孝新生,1584921
2020-09,松江南京,行天宮,2122835
2020-09,台北小巨蛋,南京三民,1582228
2020-09,南京三民,松山,935134
2020-09,南勢角,景安,434296
2020-09,景安,永安市場,774981
2020-09,景安,景平,180212
2020-09,景安,中和,1228613
2020-09,永安市場,頂溪,1082927
2020-09,忠孝新生,善導寺,2226757
2020-09,行天宮,中山國小,1661703
2020-09,大橋頭站,台北橋,2732141
2020-09,大橋頭站,三重國小,2918520
2020-09,台北橋,菜寮,2421600
2020-09,菜寮,三重,2151129
2020-09,三重,先嗇宮,1970632
2020-09,先嗇宮,頭前庄,1854876
2020-09,頭前庄,新莊,1892775
2020-09,頭前庄,新埔民生,276623
2020-09,頭前庄,幸福,386118
2020-09,新莊,輔大,1471102
2020-09,輔大,丹鳳,950596
2020-09,丹鳳,迴龍,500811
2020-09,三重國小,三和國中,2418601
2020-09,三和國中,徐匯中學,1856576
2020-09,徐匯中學,三民高中,1283594
2020-09,三民高中,蘆洲,700963
2020-09,頂埔,永寧,271446
2020-09,永寧,土城,589928
2020-09,土城,海山,760554
2020-09,海山,亞東醫院,1193270
2020-09,亞東醫院,府中,1607164
2020-09,府中,BL板橋,1936128
2020-09,BL板橋,新埔,2086638
2020-09,BL板橋,Y板橋,24236
2020-09,新埔,江子翠,2130773
2020-09,新埔,新埔民生,63106
2020-09,江子翠,龍山寺,2032324
2020-09,忠孝敦化,國父紀念館,6392434
2020-09,國父紀念館,市政府,5721125
2020-09,市政府,永春,3249219
2020-09,永春,後山埤,2416347
2020-09,後山埤,昆陽,1729066
2020-09,昆陽,南港,1029576
2020-09,十四張,秀朗橋,614042
2020-09,秀朗橋,景平,641330
2020-09,中和,橋和,1169322
2020-09,橋和,中原,1144642
2020-09,中原,板新,1104226
2020-09,板新,Y板橋,1049586
2020-09,Y板橋,新埔民生,748536
2020-09,幸福,新北產業園區,216889
2020-10,動物園,木柵,410279
2020-10,木柵,萬芳社區,645735
2020-10,萬芳社區,萬芳醫院,767514
2020-10,萬芳醫院,辛亥,1428388
2020-10,辛亥,麟光,1588638
2020-10,麟光,六張犁,1758476
2020-10,六張犁,科技大樓,2224511
2020-10,科技大樓,大安,2851973
2020-10,大安,忠孝復興,3064866
2020-10,大安,信義安和,314651
2020-10,大安,大安森林公園,3773545
2020-10,忠孝復興,南京復興,2721129
2020-10,忠孝復興,忠孝新生,3019249
2020-10,忠孝復興,忠孝敦化,7598118
2020-10,南京復興,中山國中,1240397
2020-10,南京復興,松江南京,5131517
2020-10,南京復興,台北小巨蛋,2021148
2020-10,中山國中,松山機場,1206699
2020-10,松山機場,大直,1252798
2020-10,大直,劍南路,1204072
2020-10,劍南路,西湖,1189220
2020-10,西湖,港墘,1105555
2020-10,港墘,文德,1051206
2020-10,文德,內湖,1017590
2020-10,內湖,大湖公園,945402
2020-10,大湖公園,葫洲,909987
2020-10,葫洲,東湖,819272
2020-10,東湖,南港軟體園區,806499
2020-10,南港軟體園區,南港展覽館,722576
2020-10,南港展覽館,南港,1691680
2020-10,象山,台北101/世貿,695564
2020-10,台北101/世貿,信義安和,2156933
2020-10,大安森林公園,東門,4090416
2020-10,東門,中正紀念堂,3239267
2020-10,東門,古亭,2553961
2020-10,東門,忠孝新生,3017262
2020-10,中正紀念堂,台大醫院,2948489
2020-10,中正紀念堂,古亭,4842147
2020-10,中正紀念堂,小南門,3317594
2020-10,台大醫院,台北車站,3403286
2020-10,台北車站,中山,5456507
2020-10,台北車站,西門,5456050
2020-10,台北車站,善導寺,3871597
2020-10,中山,雙連,7785951
2020-10,中山,北門,1703769
2020-10,中山,松江南京,3376089
2020-10,雙連,民權西路,7902880
2020-10,民權西路,圓山,4818831
2020-10,民權西路,中山國小,1084970
2020-10,民權西路,大橋頭站,5628919
2020-10,圓山,劍潭,4821566
2020-10,劍潭,士林,4526178
2020-10,士林,芝山,4357609
2020-10,芝山,明德,4054860
2020-10,明德,石牌,3854974
2020-10,石牌,唭哩岸,3413366
2020-10,唭哩岸,奇岩,3257355
2020-10,奇岩,北投,3070603
2020-10,北投,新北投,195769
2020-10,北投,復興崗,2502321
2020-10,復興崗,忠義,2420468
2020-10,忠義,關渡,2353628
2020-10,關渡,竹圍,2101063
2020-10,竹圍,紅樹林,1840329
2020-10,紅樹林,淡水,1461717
2020-10,新店,新店區公所,526370
2020-10,新店區公所,七張,909387
2020-10,七張,小碧潭,104036
2020-10,七張,大坪林,1521138
2020-10,大坪林,景美,1694508
2020-10,大坪林,十四張,633187
2020-10,景美,萬隆,1994882
2020-10,萬隆,公館,2197630
2020-10,公館,台電大樓,2715519
2020-10,台電大樓,古亭,3042424
2020-10,古亭,頂溪,4327964
2020-10,小南門,西門,3273178
2020-10,西門,北門,1130714
2020-10,西門,龍山寺,7454581
2020-10,松江南京,忠孝新生,1569078
2020-10,松江南京,行天宮,2066346
2020-10,台北小巨蛋,南京三民,1536821
2020-10,南京三民,松山,920082
2020-10,南勢角,景安,449679
2020-10,景安,永安市場,787060
2020-10,景安,景平,183556
2020-10,景安,中和,1262912
2020-10,永安市場,頂溪,1093293
2020-10,忠孝新生,善導寺,2278079
2020-10,行天宮,中山國小,1618620
2020-10,大橋頭站,台北橋,2767063
2020-10,大橋頭站,三重國小,2917410
2020-10,台北橋,菜寮,2459606
2020-10,菜寮,三重,2195020
2020-10,三重,先嗇宮,2010881
2020-10,先嗇宮,頭前庄,1901443
2020-10,頭前庄,新莊,1950732
2020-10,頭前庄,新埔民生,295056
2020-10,頭前庄,幸福,405807
2020-10,新莊,輔大,1528999
2020-10,輔大,丹鳳,963476
2020-10,丹鳳,迴龍,510390
2020-10,三重國小,三和國中,2413974
2020-10,三和國中,徐匯中學,1853073
2020-10,徐匯中學,三民高中,1280011
2020-10,三民高中,蘆洲,699704
2020-10,頂埔,永寧,271213
2020-10,永寧,土城,596944
2020-10,土城,海山,777648
2020-10,海山,亞東醫院,1221446
2020-10,亞東醫院,府中,1640204
2020-10,府中,BL板橋,1977837
2020-10,BL板橋,新埔,2117028
2020-10,BL板橋,Y板橋,23742
2020-10,新埔,江子翠,2148166
2020-10,新埔,新埔民生,67621
2020-10,江子翠,龍山寺,2042422
2020-10,忠孝敦化,國父紀念館,6531694
2020-10,國父紀念館,市政府,5869612
2020-10,市政府,永春,3284806
2020-10,永春,後山埤,2466042
2020-10,後山埤,昆陽,1778276
2020-10,昆陽,南港,1092164
2020-10,十四張,秀朗橋,632452
2020-10,秀朗橋,景平,661799
2020-10,中和,橋和,1205204
2020-10,橋和,中原,1182171
2020-10,中原,板新,1144187
2020-10,板新,Y板橋,1090160
2020-10,Y板橋,新埔民生,773959
2020-10,幸福,新北產業園區,223781
2020-11,動物園,木柵,363686
2020-11,木柵,萬芳社區,607550
2020-11,萬芳社區,萬芳醫院,733063
2020-11,萬芳醫院,辛亥,1421422
2020-11,辛亥,麟光,1583795
2020-11,麟光,六張犁,1750591
2020-11,六張犁,科技大樓,2226950
2020-11,科技大樓,大安,2877936
2020-11,大安,忠孝復興,3111185
2020-11,大安,信義安和,319418
2020-11,大安,大安森林公園,3829485
2020-11,忠孝復興,南京復興,2868782
2020-11,忠孝復興,忠孝新生,3211912
2020-11,忠孝復興,忠孝敦化,7547066
2020-11,南京復興,中山國中,1305854
2020-11,南京復興,松江南京,5354979
2020-11,南京復興,台北小巨蛋,2128085
2020-11,中山國中,松山機場,1270306
2020-11,松山機場,大直,1319481
2020-11,大直,劍南路,1266175
2020-11,劍南路,西湖,1248905
2020-11,西湖,港墘,1155703
2020-11,港墘,文德,1096365
2020-11,文德,內湖,1060274
2020-11,內湖,大湖公園,981068
2020-11,大湖公園,葫洲,942893
2020-11,葫洲,東湖,845256
2020-11,東湖,南港軟體園區,827289
2020-11,南港軟體園區,南港展覽館,734748
2020-11,南港展覽館,南港,1760844
2020-11,象山,台北101/世貿,711047
2020-11,台北101/世貿,信義安和,2179586
2020-11,大安森林公園,東門,4145084
2020-11,東門,中正紀念堂,3287565
2020-11,東門,古亭,2642393
2020-11,東門,忠孝新生,3017441
2020-11,中正紀念堂,台大醫院,2971329
2020-11,中正紀念堂,古亭,4814352
2020-11,中正紀念堂,小南門,3370399
2020-11,台大醫院,台北車站,3442929
2020-11,台北車站,中山,5476555
2020-11,台北車站,西門,5627051
2020-11,台北車站,善導寺,3880960
2020-11,中山,雙連,7826681
2020-11,中山,北門,1800073
2020-11,中山,松江南京,3455683
2020-11,雙連,民權西路,7946685
2020-11,民權西路,圓山,4830589
2020-11,民權西路,中山國小,1063534
2020-11,民權西路,大橋頭站,5703257
2020-11,圓山,劍潭,4817395
2020-11,劍潭,士林,4541970
2020-11,士林,芝山,4375988
2020-11,芝山,明德,4068425
2020-11,明德,石牌,3867752
2020-11,石牌,唭哩岸,3415493
2020-11,唭哩岸,奇岩,3252106
2020-11,奇岩,北投,3061368
2020-11,北投,新北投,184392
2020-11,北投,復興崗,2493471
2020-11,復興崗,忠義,2410212
2020-11,忠義,關渡,2340108
2020-11,關渡,竹圍,2080681
2020-11,竹圍,紅樹林,1814193
2020-11,紅樹林,淡水,1395926
2020-11,新店,新店區公所,485979
2020-11,新店區公所,七張,872899
2020-11,七張,小碧潭,93966
2020-11,七張,大坪林,1489699
2020-11,大坪林,景美,1691373
2020-11,大坪林,十四張,640817
2020-11,景美,萬隆,2002310
2020-11,萬隆,公館,2206240
2020-11,公館,台電大樓,2715844
2020-11,台電大樓,古亭,3051957
2020-11,古亭,頂溪,4368439
2020-11,小南門,西門,3325451
2020-11,西門,北門,1150031
2020-11,西門,龍山寺,7797880
2020-11,松江南京,忠孝新生,1568989
2020-11,松江南京,行天宮,2109776
2020-11,台北小巨蛋,南京三民,1565477
2020-11,南京三民,松山,930481
2020-11,南勢角,景安,449378
2020-11,景安,永安市場,783541
2020-11,景安,景平,180732
2020-11,景安,中和,1302394
2020-11,永安市場,頂溪,1090586
2020-11,忠孝新生,善導寺,2417739
2020-11,行天宮,中山國小,1654262
2020-11,大橋頭站,台北橋,2805207
2020-11,大橋頭站,三重國小,2955877
2020-11,台北橋,菜寮,2494435
2020-11,菜寮,三重,2227128
2020-11,三重,先嗇宮,2049332
2020-11,先嗇宮,頭前庄,1938274
2020-11,頭前庄,新莊,1981087
2020-11,頭前庄,新埔民生,315890
2020-11,頭前庄,幸福,417481
2020-11,新莊,輔大,1561789
2020-11,輔大,丹鳳,979795
2020-11,丹鳳,迴龍,521886
2020-11,三重國小,三和國中,2450578
2020-11,三和國中,徐匯中學,1883857
2020-11,徐匯中學,三民高中,1302448
2020-11,三民高中,蘆洲,706188
2020-11,頂埔,永寧,277478
2020-11,永寧,土城,617125
2020-11,土城,海山,799862
2020-11,海山,亞東醫院,1254396
2020-11,亞東醫院,府中,1686268
2020-11,府中,BL板橋,2045894
2020-11,BL板橋,新埔,2203073
2020-11,BL板橋,Y板橋,24753
2020-11,新埔,江子翠,2216927
2020-11,新埔,新埔民生,65005
2020-11,江子翠,龍山寺,2100225
2020-11,忠孝敦化,國父紀念館,6469343
2020-11,國父紀念館,市政府,5802993
2020-11,市政府,永春,3289497
2020-11,永春,後山埤,2458276
2020-11,後山埤,昆陽,1762637
2020-11,昆陽,南港,1071118
2020-11,十四張,秀朗橋,642129
2020-11,秀朗橋,景平,674687
2020-11,中和,橋和,1250531
2020-11,橋和,中原,1226871
2020-11,中原,板新,1189310
2020-11,板新,Y板橋,1134505
2020-11,Y板橋,新埔民生,796429
2020-11,幸福,新北產業園區,229883
2020-12,動物園,木柵,354323
2020-12,木柵,萬芳社區,623018
2020-12,萬芳社區,萬芳醫院,755714
2020-12,萬芳醫院,辛亥,1487582
2020-12,辛亥,麟光,1661861
2020-12,麟光,六張犁,1844709
2020-12,六張犁,科技大樓,2378849
2020-12,科技大樓,大安,3111174
2020-12,大安,忠孝復興,3378887
2020-12,大安,信義安和,366648
2020-12,大安,大安森林公園,4239777
2020-12,忠孝復興,南京復興,2994297
2020-12,忠孝復興,忠孝新生,3326362
2020-12,忠孝復興,忠孝敦化,8531078
2020-12,南京復興,中山國中,1384324
2020-12,南京復興,松江南京,5813473
2020-12,南京復興,台北小巨蛋,2309182
2020-12,中山國中,松山機場,1348623
2020-12,松山機場,大直,1402941
2020-12,大直,劍南路,1349100
2020-12,劍南路,西湖,1333285
2020-12,西湖,港墘,1240873
2020-12,港墘,文德,1180713
2020-12,文德,內湖,1141853
2020-12,內湖,大湖公園,1056998
2020-12,大湖公園,葫洲,1019517
2020-12,葫洲,東湖,917459
2020-12,東湖,南港軟體園區,902227
2020-12,南港軟體園區,南港展覽館,807339
2020-12,南港展覽館,南港,1872220
2020-12,象山,台北101/世貿,756317
2020-12,台北101/世貿,信義安和,2412350
2020-12,大安森林公園,東門,4554411
2020-12,東門,中正紀念堂,3599228
2020-12,東門,古亭,2865906
2020-12,東門,忠孝新生,3323968
2020-12,中正紀念堂,台大醫院,3210563
2020-12,中正紀念堂,古亭,5106641
2020-12,中正紀念堂,小南門,3710673
2020-12,台大醫院,台北車站,3700281
2020-12,台北車站,中山,5807762
2020-12,台北車站,西門,6199003
2020-12,台北車站,善導寺,4385427
2020-12,中山,雙連,8286377
2020-12,中山,北門,1994151
2020-12,中山,松江南京,3800391
2020-12,雙連,民權西路,8408522
2020-12,民權西路,圓山,5046493
2020-12,民權西路,中山國小,1190094
2020-12,民權西路,大橋頭站,6102613
2020-12,圓山,劍潭,5024610
2020-12,劍潭,士林,4737870
2020-12,士林,芝山,4535331
2020-12,芝山,明德,4207217
2020-12,明德,石牌,3997486
2020-12,石牌,唭哩岸,3516253
2020-12,唭哩岸,奇岩,3348200
2020-12,奇岩,北投,3146141
2020-12,北投,新北投,208848
2020-12,北投,復興崗,2530241
2020-12,復興崗,忠義,2439926
2020-12,忠義,關渡,2366186
2020-12,關渡,竹圍,2102235
2020-12,竹圍,紅樹林,1822285
2020-12,紅樹林,淡水,1392561
2020-12,新店,新店區公所,498432
2020-12,新店區公所,七張,928373
2020-12,七張,小碧潭,103073
2020-12,七張,大坪林,1601847
2020-12,大坪林,景美,1819432
2020-12,大坪林,十四張,701081
2020-12,景美,萬隆,2159148
2020-12,萬隆,公館,2384249
2020-12,公館,台電大樓,2976932
2020-12,台電大樓,古亭,3351828
2020-12,古亭,頂溪,4691987
2020-12,小南門,西門,3667515
2020-12,西門,北門,1245204
2020-12,西門,龍山寺,8670877
2020-12,松江南京,忠孝新生,1752130
2020-12,松江南京,行天宮,2291813
2020-12,台北小巨蛋,南京三民,1698643
2020-12,南京三民,松山,995190
2020-12,南勢角,景安,488584
2020-12,景安,永安市場,851669
2020-12,景安,景平,206797
2020-12,景安,中和,1446989
2020-12,永安市場,頂溪,1190860
2020-12,忠孝新生,善導寺,2518702
2020-12,行天宮,中山國小,1787760
2020-12,大橋頭站,台北橋,3009218
2020-12,大橋頭站,三重國小,3157746
2020-12,台北橋,菜寮,2674655
2020-12,菜寮,三重,2385401
2020-12,三重,先嗇宮,2198333
2020-12,先嗇宮,頭前庄,2077347
2020-12,頭前庄,新莊,2099494
2020-12,頭前庄,新埔民生,369448
2020-12,頭前庄,幸福,475876
2020-12,新莊,輔大,1654229
2020-12,輔大,丹鳳,1041029
2020-12,丹鳳,迴龍,557015
2020-12,三重國小,三和國中,2618085
2020-12,三和國中,徐匯中學,2004415
2020-12,徐匯中學,三民高中,1374838
2020-12,三民高中,蘆洲,748683
2020-12,頂埔,永寧,299194
2020-12,永寧,土城,667263
2020-12,土城,海山,865012
2020-12,海山,亞東醫院,1354345
2020-12,亞東醫院,府中,1828889
2020-12,府中,BL板橋,2260903
2020-12,BL板橋,新埔,2490078
2020-12,BL板橋,Y板橋,29630
2020-12,新埔,江子翠,2501883
2020-12,新埔,新埔民生,73991
2020-12,江子翠,龍山寺,2373331
2020-12,忠孝敦化,國父紀念館,7317095
2020-12,國父紀念館,市政府,6548771
2020-12,市政府,永春,3581907
2020-12,永春,後山埤,2660324
2020-12,後山埤,昆陽,1904060
2020-12,昆陽,南港,1170299
2020-12,十四張,秀朗橋,702807
2020-12,秀朗橋,景平,737699
2020-12,中和,橋和,1385374
2020-12,橋和,中原,1358020
2020-12,中原,板新,1313731
2020-12,板新,Y板橋,1252246
2020-12,Y板橋,新埔民生,865841
2020-12,幸福,新北產業園區,263750
